{
	"format_version": "1.8.0",
	"animations": {
		"animation.bird.flying": {
			"loop": true,
			"animation_length": 0.625,
			"bones": {
				"wingLeft": {
					"rotation": {
						"0.0": [0, 0, -15],
						"0.125": [0, 0, -30.04199],
						"0.25": [0, 0, -45.17373],
						"0.375": [0, 0, -61.42208],
						"0.5": [0, 0, -30.04199],
						"0.625": [0, 0, -15]
					}
				},
				"wingRight": {
					"rotation": {
						"0.0": [0, 0, 15],
						"0.125": [0, 0, 30.042],
						"0.25": [0, 0, 45.1737],
						"0.375": [0, 0, 61.4221],
						"0.5": [0, 0, 30.042],
						"0.625": [0, 0, 15]
					}
				}
			}
		}
	}
}